Anthropic,greenhouse,anthropic,200
Anthropic,ashby,anthropic,404
Anthropic,lever,anthropic,404
Anthropic,smartrecruiters,anthropic,200
xAI,greenhouse,xai,200
xAI,ashby,xai,404
xAI,lever,xai,404
xAI,smartrecruiters,xai,200
Perplexity,greenhouse,perplexity-ai,404
Perplexity,ashby,perplexity-ai,404
Perplexity,lever,perplexity-ai,404
Perplexity,smartrecruiters,perplexity-ai,200
Mistral AI,greenhouse,mistralai,404
Mistral AI,ashby,mistralai,404
Mistral AI,lever,mistralai,404
Mistral AI,smartrecruiters,mistralai,200
Perplexity,greenhouse,perplexity,404
Perplexity,ashby,perplexity,200
Perplexity,lever,perplexity,404
Perplexity,smartrecruiters,perplexity,200
Mistral AI,greenhouse,mistral,404
Mistral AI,ashby,mistral,404
Mistral AI,lever,mistral,200
Mistral AI,smartrecruiters,mistral,200
Cohere,greenhouse,cohere,404
Cohere,ashby,cohere,200
Cohere,lever,cohere,404
Cohere,smartrecruiters,cohere,200
OpenAI,greenhouse,openai,404
OpenAI,ashby,openai,200
OpenAI,lever,openai,404
OpenAI,smartrecruiters,openai,200
Scale AI,greenhouse,scale,404
Scale AI,ashby,scale,404
Scale AI,lever,scale,404
Scale AI,smartrecruiters,scale,200
Together AI,greenhouse,togetherai,200
Together AI,ashby,togetherai,404
Together AI,lever,togetherai,404
Together AI,smartrecruiters,togetherai,200
Together AI,greenhouse,together,404
Together AI,ashby,together,404
Together AI,lever,together,404
Together AI,smartrecruiters,together,200
Together AI,greenhouse,together-ai,404
Together AI,ashby,together-ai,404
Together AI,lever,together-ai,404
Together AI,smartrecruiters,together-ai,200
Scale AI,greenhouse,scaleai,200
Scale AI,ashby,scaleai,404
Scale AI,lever,scaleai,404
Scale AI,smartrecruiters,scaleai,200
Groq,greenhouse,groq,404
Groq,ashby,groq,404
Groq,lever,groq,404
Groq,smartrecruiters,groq,200
Cerebras,greenhouse,cerebras,404
Cerebras,ashby,cerebras,200
Cerebras,lever,cerebras,404
Cerebras,smartrecruiters,cerebras,200
Cerebras,greenhouse,cerebras-systems,404
Cerebras,ashby,cerebras-systems,404
Cerebras,lever,cerebras-systems,404
Cerebras,smartrecruiters,cerebras-systems,200
SambaNova,greenhouse,sambanova,404
SambaNova,ashby,sambanova,404
SambaNova,lever,sambanova,404
SambaNova,smartrecruiters,sambanova,200
SambaNova,greenhouse,sambanovasystems,200
SambaNova,ashby,sambanovasystems,404
SambaNova,lever,sambanovasystems,404
SambaNova,smartrecruiters,sambanovasystems,200
Weights & Biases,greenhouse,wandb,404
Weights & Biases,ashby,wandb,404
Weights & Biases,lever,wandb,404
Weights & Biases,smartrecruiters,wandb,200
Runway,greenhouse,runway,404
Runway,ashby,runway,200
Runway,lever,runway,404
Runway,smartrecruiters,runway,200
Hugging Face,greenhouse,huggingface,404
Hugging Face,ashby,huggingface,404
Hugging Face,lever,huggingface,404
Hugging Face,smartrecruiters,huggingface,200
Anyscale,greenhouse,anyscale,404
Anyscale,ashby,anyscale,200
Anyscale,lever,anyscale,200
Anyscale,smartrecruiters,anyscale,200
Runway,greenhouse,runwayml,404
Runway,ashby,runwayml,404
Runway,lever,runwayml,404
Runway,smartrecruiters,runwayml,200
Stability AI,greenhouse,stability,404
Stability AI,ashby,stability,404
Stability AI,lever,stability,404
Stability AI,smartrecruiters,stability,200
Character AI,greenhouse,character,404
Character AI,ashby,character,200
Character AI,lever,character,404
Character AI,smartrecruiters,character,200
Stability AI,greenhouse,stabilityai,200
Stability AI,ashby,stabilityai,404
Stability AI,lever,stabilityai,404
Stability AI,smartrecruiters,stabilityai,200
Character AI,greenhouse,characterai,404
Character AI,ashby,characterai,404
Character AI,lever,characterai,404
Character AI,smartrecruiters,characterai,200
Cognition,greenhouse,cognition-ai,404
Cognition,ashby,cognition-ai,404
Cognition,lever,cognition-ai,404
Cognition,smartrecruiters,cognition-ai,200
Glean,greenhouse,glean,404
Glean,ashby,glean,404
Glean,lever,glean,404
Glean,smartrecruiters,glean,200
Cognition,greenhouse,cognition,404
Cognition,ashby,cognition,200
Cognition,lever,cognition,404
Cognition,smartrecruiters,cognition,200
Harvey,greenhouse,harvey,404
Harvey,ashby,harvey,200
Harvey,lever,harvey,404
Harvey,smartrecruiters,harvey,200
Sierra,greenhouse,sierra,404
Sierra,ashby,sierra,200
Sierra,lever,sierra,404
Sierra,smartrecruiters,sierra,200
Suno,greenhouse,suno,404
Luma AI,greenhouse,luma,404
Suno,ashby,suno,200
Suno,lever,suno,404
Suno,smartrecruiters,suno,200
Luma AI,ashby,luma,404
Luma AI,lever,luma,404
Luma AI,smartrecruiters,luma,200
Writer,greenhouse,writer,404
Writer,ashby,writer,200
Writer,lever,writer,404
Writer,smartrecruiters,writer,200
Luma AI,greenhouse,lumalabs,404
Luma AI,ashby,lumalabs,404
Luma AI,lever,lumalabs,404
Luma AI,smartrecruiters,lumalabs,200
ElevenLabs,greenhouse,elevenlabs,404
ElevenLabs,ashby,elevenlabs,200
ElevenLabs,lever,elevenlabs,404
ElevenLabs,smartrecruiters,elevenlabs,200
Decagon,greenhouse,decagon,404
Decagon,ashby,decagon,200
Decagon,lever,decagon,404
Decagon,smartrecruiters,decagon,200
Ideogram,greenhouse,ideogram,404
Ideogram,ashby,ideogram,200
Ideogram,lever,ideogram,404
Ideogram,smartrecruiters,ideogram,200
Black Forest Labs,greenhouse,blackforestlabs,200
Black Forest Labs,ashby,blackforestlabs,404
Black Forest Labs,lever,blackforestlabs,404
Black Forest Labs,smartrecruiters,blackforestlabs,200
Fal,greenhouse,fal,200
Fal,ashby,fal,404
Fal,lever,fal,404
Fal,smartrecruiters,fal,200
Baseten,greenhouse,baseten,404
Baseten,ashby,baseten,200
Baseten,lever,baseten,404
Baseten,smartrecruiters,baseten,200
Modal,greenhouse,modal,404
Modal,ashby,modal,200
Modal,lever,modal,404
Modal,smartrecruiters,modal,200
Black Forest Labs,greenhouse,black-forest-labs,404
Black Forest Labs,ashby,black-forest-labs,200
Black Forest Labs,lever,black-forest-labs,404
Black Forest Labs,smartrecruiters,black-forest-labs,200
Modal,greenhouse,modallabs,404
Modal,ashby,modallabs,404
Modal,lever,modallabs,404
Modal,smartrecruiters,modallabs,200
Replicate,greenhouse,replicate,404
Replicate,ashby,replicate,404
Replicate,lever,replicate,404
Replicate,smartrecruiters,replicate,200
Fireworks AI,greenhouse,fireworks,404
Fireworks AI,ashby,fireworks,404
Fireworks AI,lever,fireworks,404
Fireworks AI,smartrecruiters,fireworks,200
Fireworks AI,greenhouse,fireworksai,200
Fireworks AI,ashby,fireworksai,200
Fireworks AI,lever,fireworksai,404
Fireworks AI,smartrecruiters,fireworksai,200
Lambda,greenhouse,lambdalabs,404
Lambda,ashby,lambdalabs,404
Lambda,lever,lambdalabs,404
Lambda,smartrecruiters,lambdalabs,200
Lambda,greenhouse,lambda,404
Lambda,ashby,lambda,200
Lambda,lever,lambda,404
Lambda,smartrecruiters,lambda,200
CoreWeave,greenhouse,coreweave,200
CoreWeave,ashby,coreweave,404
CoreWeave,lever,coreweave,404
CoreWeave,smartrecruiters,coreweave,200
Databricks,greenhouse,databricks,200
Databricks,ashby,databricks,404
Databricks,lever,databricks,404
Databricks,smartrecruiters,databricks,200
Snowflake,greenhouse,snowflakecomputing,404
Crusoe,greenhouse,crusoe,404
Crusoe,ashby,crusoe,200
Crusoe,lever,crusoe,404
Crusoe,smartrecruiters,crusoe,200
Snowflake,ashby,snowflakecomputing,404
Snowflake,lever,snowflakecomputing,404
Snowflake,smartrecruiters,snowflakecomputing,200
Snowflake,greenhouse,snowflake,404
Snowflake,ashby,snowflake,200
Snowflake,lever,snowflake,404
Snowflake,smartrecruiters,snowflake,200
Pinecone,greenhouse,pinecone,404
Pinecone,ashby,pinecone,200
Pinecone,lever,pinecone,404
Pinecone,smartrecruiters,pinecone,200
Pinecone,greenhouse,hypercube,404
Pinecone,ashby,hypercube,404
Pinecone,lever,hypercube,404
Pinecone,smartrecruiters,hypercube,200
Browserbase,greenhouse,browserbase,404
Browserbase,ashby,browserbase,200
Browserbase,lever,browserbase,404
Browserbase,smartrecruiters,browserbase,200
LangChain,greenhouse,langchain,404
LangChain,ashby,langchain,200
LangChain,lever,langchain,404
LangChain,smartrecruiters,langchain,200
Contextual AI,greenhouse,contextualai,200
Contextual AI,ashby,contextualai,404
Contextual AI,lever,contextualai,404
Contextual AI,smartrecruiters,contextualai,200
AI21 Labs,greenhouse,ai21,404
AI21 Labs,ashby,ai21,404
AI21 Labs,lever,ai21,404
AI21 Labs,smartrecruiters,ai21,200
Contextual AI,greenhouse,contextual-ai,404
Contextual AI,ashby,contextual-ai,404
Contextual AI,lever,contextual-ai,404
Contextual AI,smartrecruiters,contextual-ai,200
AI21 Labs,greenhouse,ai21labs,404
AI21 Labs,ashby,ai21labs,404
AI21 Labs,lever,ai21labs,404
AI21 Labs,smartrecruiters,ai21labs,200
Liquid AI,greenhouse,liquidai,404
Liquid AI,ashby,liquidai,404
Liquid AI,lever,liquidai,404
Liquid AI,smartrecruiters,liquidai,200
Liquid AI,greenhouse,liquid-ai,404
Liquid AI,ashby,liquid-ai,200
Liquid AI,lever,liquid-ai,404
Liquid AI,smartrecruiters,liquid-ai,200
Reka,greenhouse,reka,404
Reka,ashby,reka,200
Reka,lever,reka,404
Reka,smartrecruiters,reka,200
Reka,greenhouse,reka-ai,404
Reka,ashby,reka-ai,404
Reka,lever,reka-ai,404
Reka,smartrecruiters,reka-ai,200
Physical Intelligence,greenhouse,physicalintelligence,404
Physical Intelligence,ashby,physicalintelligence,200
Physical Intelligence,lever,physicalintelligence,404
Physical Intelligence,smartrecruiters,physicalintelligence,200
Imbue,greenhouse,imbue,200
Imbue,ashby,imbue,404
Imbue,lever,imbue,200
Imbue,smartrecruiters,imbue,200
Physical Intelligence,greenhouse,physical-intelligence,404
Physical Intelligence,ashby,physical-intelligence,404
Physical Intelligence,lever,physical-intelligence,404
Physical Intelligence,smartrecruiters,physical-intelligence,200
World Labs,greenhouse,worldlabs,200
World Labs,ashby,worldlabs,404
World Labs,lever,worldlabs,404
World Labs,smartrecruiters,worldlabs,200
World Labs,greenhouse,world-labs,404
World Labs,ashby,world-labs,404
World Labs,lever,world-labs,404
World Labs,smartrecruiters,world-labs,200
Figure,greenhouse,figureai,200
Figure,ashby,figureai,404
Figure,lever,figureai,404
Figure,smartrecruiters,figureai,200
Figure,greenhouse,figure,200
Figure,ashby,figure,200
Figure,lever,figure,404
Figure,smartrecruiters,figure,200
1X Technologies,greenhouse,1x,404
1X Technologies,ashby,1x,200
1X Technologies,lever,1x,404
1X Technologies,smartrecruiters,1x,200
1X Technologies,greenhouse,1x-technologies,404
1X Technologies,ashby,1x-technologies,404
1X Technologies,lever,1x-technologies,404
1X Technologies,smartrecruiters,1x-technologies,200
Apptronik,greenhouse,apptronik,200
Apptronik,ashby,apptronik,404
Apptronik,lever,apptronik,404
Apptronik,smartrecruiters,apptronik,200
Skild AI,greenhouse,skild,404
Skild AI,ashby,skild,404
Skild AI,lever,skild,404
Skild AI,smartrecruiters,skild,200
Skild AI,greenhouse,skildai,404
Skild AI,ashby,skildai,404
Skild AI,lever,skildai,404
Skild AI,smartrecruiters,skildai,200
OpenEvidence,greenhouse,openevidence,404
OpenEvidence,ashby,openevidence,200
OpenEvidence,lever,openevidence,404
OpenEvidence,smartrecruiters,openevidence,200
Magic,greenhouse,magic,200
Magic,ashby,magic,404
Magic,lever,magic,404
Magic,smartrecruiters,magic,200
Thinking Machines,greenhouse,thinkingmachines,200
Thinking Machines,ashby,thinkingmachines,404
Thinking Machines,lever,thinkingmachines,404
Thinking Machines,smartrecruiters,thinkingmachines,200
Abridge,greenhouse,abridge,404
Abridge,ashby,abridge,200
Abridge,lever,abridge,404
Abridge,smartrecruiters,abridge,200
Thinking Machines,greenhouse,thinking-machines-lab,404
Thinking Machines,ashby,thinking-machines-lab,200
Thinking Machines,lever,thinking-machines-lab,404
Thinking Machines,smartrecruiters,thinking-machines-lab,200
Safe Superintelligence,greenhouse,ssi,404
Safe Superintelligence,ashby,ssi,200
Safe Superintelligence,lever,ssi,404
Safe Superintelligence,smartrecruiters,ssi,200
Safe Superintelligence,greenhouse,safesuperintelligence,404
Safe Superintelligence,ashby,safesuperintelligence,404
Safe Superintelligence,lever,safesuperintelligence,404
Safe Superintelligence,smartrecruiters,safesuperintelligence,200
Midjourney,greenhouse,midjourney,404
Midjourney,ashby,midjourney,200
Midjourney,lever,midjourney,404
Midjourney,smartrecruiters,midjourney,200
Notion,greenhouse,notion,404
Notion,ashby,notion,200
Notion,lever,notion,404
Notion,smartrecruiters,notion,200
Cursor,greenhouse,cursor,404
Cursor,ashby,cursor,200
Cursor,lever,cursor,404
Cursor,smartrecruiters,cursor,200
Cursor,greenhouse,anysphere,404
Cursor,ashby,anysphere,404
Cursor,lever,anysphere,404
Cursor,smartrecruiters,anysphere,200
Windsurf,greenhouse,windsurf,404
Windsurf,ashby,windsurf,404
Windsurf,lever,windsurf,404
Windsurf,smartrecruiters,windsurf,200
Windsurf,greenhouse,exafunction,404
Windsurf,ashby,exafunction,404
Windsurf,lever,exafunction,404
Windsurf,smartrecruiters,exafunction,200
Windsurf,greenhouse,codeium,404
Windsurf,ashby,codeium,404
Windsurf,lever,codeium,404
Windsurf,smartrecruiters,codeium,200
Jane Street,greenhouse,janestreet,200
Jane Street,ashby,janestreet,404
Jane Street,lever,janestreet,404
Jane Street,smartrecruiters,janestreet,200
Citadel,greenhouse,citadel,404
Citadel,ashby,citadel,404
Citadel,lever,citadel,404
Citadel,smartrecruiters,citadel,200
Two Sigma,greenhouse,twosigma,404
Two Sigma,ashby,twosigma,404
Two Sigma,lever,twosigma,404
Two Sigma,smartrecruiters,twosigma,200
Hudson River Trading,greenhouse,hudsonrivertrading,404
Hudson River Trading,ashby,hudsonrivertrading,404
Hudson River Trading,lever,hudsonrivertrading,404
Hudson River Trading,smartrecruiters,hudsonrivertrading,200
Jump Trading,greenhouse,jumptrading,200
Jump Trading,ashby,jumptrading,404
Jump Trading,lever,jumptrading,404
Jump Trading,smartrecruiters,jumptrading,200
Hudson River Trading,greenhouse,wehrtyou,200
Hudson River Trading,ashby,wehrtyou,404
Hudson River Trading,lever,wehrtyou,404
Hudson River Trading,smartrecruiters,wehrtyou,200
DRW,greenhouse,drw,404
DRW,ashby,drw,404
DRW,lever,drw,404
DRW,smartrecruiters,drw,200
IMC Trading,greenhouse,imc,200
IMC Trading,ashby,imc,404
IMC Trading,lever,imc,404
IMC Trading,smartrecruiters,imc,200
IMC Trading,greenhouse,imctrading,404
IMC Trading,ashby,imctrading,404
IMC Trading,lever,imctrading,404
IMC Trading,smartrecruiters,imctrading,200
Optiver,greenhouse,optiver,200
Optiver,ashby,optiver,404
Optiver,lever,optiver,404
Optiver,smartrecruiters,optiver,200
Optiver,greenhouse,optiverus,200
Optiver,ashby,optiverus,404
Optiver,lever,optiverus,404
Optiver,smartrecruiters,optiverus,200
SIG,greenhouse,sig,404
SIG,ashby,sig,404
SIG,lever,sig,404
SIG,smartrecruiters,sig,200
SIG,greenhouse,susquehanna,404
SIG,ashby,susquehanna,404
SIG,lever,susquehanna,404
SIG,smartrecruiters,susquehanna,200
Five Rings,greenhouse,fiverings,404
Five Rings,ashby,fiverings,404
Five Rings,lever,fiverings,404
Five Rings,smartrecruiters,fiverings,200
Tower Research,greenhouse,towerresearchcapital,200
Tower Research,ashby,towerresearchcapital,404
Tower Research,lever,towerresearchcapital,404
Tower Research,smartrecruiters,towerresearchcapital,200
Five Rings,greenhouse,fiveringsllc,200
Five Rings,ashby,fiveringsllc,404
Five Rings,lever,fiveringsllc,404
Five Rings,smartrecruiters,fiveringsllc,200
Tower Research,greenhouse,tower-research-capital,404
Tower Research,ashby,tower-research-capital,404
Tower Research,lever,tower-research-capital,404
Tower Research,smartrecruiters,tower-research-capital,200
Virtu Financial,greenhouse,virtu,200
Virtu Financial,ashby,virtu,404
Virtu Financial,lever,virtu,404
Virtu Financial,smartrecruiters,virtu,200
Virtu Financial,greenhouse,virtufinancial,404
Virtu Financial,ashby,virtufinancial,404
Virtu Financial,lever,virtufinancial,404
Virtu Financial,smartrecruiters,virtufinancial,200
Akuna Capital,greenhouse,akunacapital,200
Akuna Capital,ashby,akunacapital,404
Akuna Capital,lever,akunacapital,404
Akuna Capital,smartrecruiters,akunacapital,200
Akuna Capital,greenhouse,akuna,404
Akuna Capital,ashby,akuna,404
Akuna Capital,lever,akuna,404
Akuna Capital,smartrecruiters,akuna,200
Old Mission,greenhouse,oldmissioncapital,200
Old Mission,ashby,oldmissioncapital,404
Old Mission,lever,oldmissioncapital,404
Old Mission,smartrecruiters,oldmissioncapital,200
Old Mission,greenhouse,oldmission,404
Old Mission,ashby,oldmission,404
Old Mission,lever,oldmission,404
Old Mission,smartrecruiters,oldmission,200
Chicago Trading Company,greenhouse,chicagotradingcompany,404
Chicago Trading Company,ashby,chicagotradingcompany,404
Chicago Trading Company,lever,chicagotradingcompany,404
Chicago Trading Company,smartrecruiters,chicagotradingcompany,200
Chicago Trading Company,greenhouse,ctc,404
Chicago Trading Company,ashby,ctc,404
Chicago Trading Company,lever,ctc,404
Chicago Trading Company,smartrecruiters,ctc,200
Belvedere Trading,greenhouse,belvederetrading,404
Belvedere Trading,ashby,belvederetrading,404
Belvedere Trading,lever,belvederetrading,200
Belvedere Trading,smartrecruiters,belvederetrading,200
Wolverine Trading,greenhouse,wolverinetrading,404
Wolverine Trading,ashby,wolverinetrading,404
Wolverine Trading,lever,wolverinetrading,404
Wolverine Trading,smartrecruiters,wolverinetrading,200
Wolverine Trading,greenhouse,wolverine,404
Wolverine Trading,ashby,wolverine,404
Wolverine Trading,lever,wolverine,404
Wolverine Trading,smartrecruiters,wolverine,200
PEAK6,greenhouse,peak6,404
PEAK6,ashby,peak6,404
PEAK6,lever,peak6,404
PEAK6,smartrecruiters,peak6,200
Aquatic Capital,greenhouse,aquaticcapital,404
Aquatic Capital,ashby,aquaticcapital,404
Aquatic Capital,lever,aquaticcapital,404
Aquatic Capital,smartrecruiters,aquaticcapital,200
Aquatic Capital,greenhouse,aquatic,404
Aquatic Capital,ashby,aquatic,200
Aquatic Capital,lever,aquatic,404
Aquatic Capital,smartrecruiters,aquatic,200
Headlands Tech,greenhouse,headlands,404
Headlands Tech,ashby,headlands,404
Headlands Tech,lever,headlands,404
Headlands Tech,smartrecruiters,headlands,200
Headlands Tech,greenhouse,headlandstech,404
Headlands Tech,ashby,headlandstech,404
Headlands Tech,lever,headlandstech,404
Headlands Tech,smartrecruiters,headlandstech,200
XTX Markets,greenhouse,xtxmarkets,404
XTX Markets,ashby,xtxmarkets,404
XTX Markets,lever,xtxmarkets,404
XTX Markets,smartrecruiters,xtxmarkets,200
Squarepoint,greenhouse,squarepoint,404
Squarepoint,ashby,squarepoint,404
Squarepoint,lever,squarepoint,404
Squarepoint,smartrecruiters,squarepoint,200
XTX Markets,greenhouse,xtx,404
XTX Markets,ashby,xtx,404
XTX Markets,lever,xtx,404
XTX Markets,smartrecruiters,xtx,200
Squarepoint,greenhouse,squarepointcapital,200
Squarepoint,ashby,squarepointcapital,404
Squarepoint,lever,squarepointcapital,404
Squarepoint,smartrecruiters,squarepointcapital,200
G-Research,greenhouse,g-research,404
G-Research,ashby,g-research,404
G-Research,lever,g-research,404
G-Research,smartrecruiters,g-research,200
G-Research,greenhouse,gresearch,404
G-Research,ashby,gresearch,404
G-Research,lever,gresearch,404
G-Research,smartrecruiters,gresearch,200
PDT Partners,greenhouse,pdtpartners,200
PDT Partners,ashby,pdtpartners,404
PDT Partners,lever,pdtpartners,404
PDT Partners,smartrecruiters,pdtpartners,200
PDT Partners,greenhouse,pdt,404
PDT Partners,ashby,pdt,404
PDT Partners,lever,pdt,404
PDT Partners,smartrecruiters,pdt,200
AQR,greenhouse,aqr,200
AQR,ashby,aqr,404
AQR,lever,aqr,404
AQR,smartrecruiters,aqr,200
AQR,greenhouse,aqrcapital,404
AQR,ashby,aqrcapital,404
AQR,lever,aqrcapital,404
AQR,smartrecruiters,aqrcapital,200
Bridgewater,greenhouse,bridgewater,404
Bridgewater,ashby,bridgewater,404
Bridgewater,lever,bridgewater,404
Bridgewater,smartrecruiters,bridgewater,200
Bridgewater,greenhouse,bridgewaterassociates,404
Bridgewater,ashby,bridgewaterassociates,404
Bridgewater,lever,bridgewaterassociates,404
Bridgewater,smartrecruiters,bridgewaterassociates,200
WorldQuant,greenhouse,worldquant,200
Balyasny,greenhouse,balyasny,404
WorldQuant,ashby,worldquant,404
Balyasny,ashby,balyasny,404
WorldQuant,lever,worldquant,404
Balyasny,lever,balyasny,404
WorldQuant,smartrecruiters,worldquant,200
Balyasny,smartrecruiters,balyasny,200
Millennium,greenhouse,millennium,404
Millennium,ashby,millennium,404
Millennium,lever,millennium,404
Millennium,smartrecruiters,millennium,200
Balyasny,greenhouse,bamfunds,404
Balyasny,ashby,bamfunds,404
Balyasny,lever,bamfunds,404
Balyasny,smartrecruiters,bamfunds,200
Millennium,greenhouse,mlp,404
Millennium,ashby,mlp,404
Millennium,lever,mlp,404
Millennium,smartrecruiters,mlp,200
DE Shaw,greenhouse,deshaw,404
Point72,greenhouse,point72,200
DE Shaw,ashby,deshaw,404
Point72,ashby,point72,404
DE Shaw,lever,deshaw,404
Point72,lever,point72,404
DE Shaw,smartrecruiters,deshaw,200
Point72,smartrecruiters,point72,200
Voleon,greenhouse,voleon,404
Voleon,ashby,voleon,200
Voleon,lever,voleon,200
Voleon,smartrecruiters,voleon,200
Voleon,greenhouse,theVoleonGroup,404
Voleon,ashby,theVoleonGroup,404
Voleon,lever,theVoleonGroup,404
Voleon,smartrecruiters,theVoleonGroup,200
Voloridge,greenhouse,voloridge,404
Voloridge,ashby,voloridge,404
Voloridge,lever,voloridge,404
Voloridge,smartrecruiters,voloridge,200
Radix Trading,greenhouse,radix,404
Radix Trading,ashby,radix,404
Radix Trading,lever,radix,404
Radix Trading,smartrecruiters,radix,200
Radix Trading,greenhouse,radixtrading,404
Radix Trading,ashby,radixtrading,404
Radix Trading,lever,radixtrading,404
Radix Trading,smartrecruiters,radixtrading,200
GTS,greenhouse,gts,404
GTS,ashby,gts,404
GTS,lever,gts,404
GTS,smartrecruiters,gts,200
Flow Traders,greenhouse,flowtraders,200
Flow Traders,ashby,flowtraders,404
Flow Traders,lever,flowtraders,404
Flow Traders,smartrecruiters,flowtraders,200
Valkyrie Trading,greenhouse,valkyrietrading,404
Valkyrie Trading,ashby,valkyrietrading,404
Valkyrie Trading,lever,valkyrietrading,200
Valkyrie Trading,smartrecruiters,valkyrietrading,200
Geneva Trading,greenhouse,genevatrading,200
Geneva Trading,ashby,genevatrading,404
Geneva Trading,lever,genevatrading,404
Geneva Trading,smartrecruiters,genevatrading,200
Valkyrie Trading,greenhouse,valkyrie,404
Valkyrie Trading,ashby,valkyrie,404
Valkyrie Trading,lever,valkyrie,404
Valkyrie Trading,smartrecruiters,valkyrie,200
DV Trading,greenhouse,dvtrading,200
DV Trading,ashby,dvtrading,404
DV Trading,lever,dvtrading,404
DV Trading,smartrecruiters,dvtrading,200
Group One,greenhouse,groupone,404
Group One,ashby,groupone,404
Group One,lever,groupone,404
Group One,smartrecruiters,groupone,200
Group One,greenhouse,grouponetrading,404
Group One,ashby,grouponetrading,404
Group One,lever,grouponetrading,404
Group One,smartrecruiters,grouponetrading,200
TransMarket,greenhouse,transmarketgroup,200
TransMarket,ashby,transmarketgroup,404
TransMarket,lever,transmarketgroup,404
TransMarket,smartrecruiters,transmarketgroup,200
GTS,greenhouse,gtsx,404
GTS,ashby,gtsx,404
GTS,lever,gtsx,404
GTS,smartrecruiters,gtsx,200
TransMarket,greenhouse,tmg,404
TransMarket,ashby,tmg,404
TransMarket,lever,tmg,404
TransMarket,smartrecruiters,tmg,200
3Red Partners,greenhouse,3red,404
3Red Partners,ashby,3red,404
3Red Partners,lever,3red,404
3Red Partners,smartrecruiters,3red,200
3Red Partners,greenhouse,3redpartners,200
3Red Partners,ashby,3redpartners,404
3Red Partners,lever,3redpartners,404
3Red Partners,smartrecruiters,3redpartners,200
Cubist,greenhouse,cubist,404
Cubist,ashby,cubist,200
Cubist,lever,cubist,404
Cubist,smartrecruiters,cubist,200
Seven Eight Capital,greenhouse,seveneightcapital,404
Seven Eight Capital,ashby,seveneightcapital,404
Seven Eight Capital,lever,seveneightcapital,404
Seven Eight Capital,smartrecruiters,seveneightcapital,200
Cubist,greenhouse,cubistsystematic,404
Cubist,ashby,cubistsystematic,404
Cubist,lever,cubistsystematic,404
Cubist,smartrecruiters,cubistsystematic,200
Schonfeld,greenhouse,schonfeld,200
Schonfeld,ashby,schonfeld,404
Schonfeld,lever,schonfeld,404
Schonfeld,smartrecruiters,schonfeld,200
ExodusPoint,greenhouse,exoduspoint,200
ExodusPoint,ashby,exoduspoint,404
ExodusPoint,lever,exoduspoint,404
ExodusPoint,smartrecruiters,exoduspoint,200
Walleye,greenhouse,walleye,404
Walleye,ashby,walleye,404
Walleye,lever,walleye,404
Walleye,smartrecruiters,walleye,200
Walleye,greenhouse,walleyecapital,200
Walleye,ashby,walleyecapital,404
Walleye,lever,walleyecapital,404
Walleye,smartrecruiters,walleyecapital,200
Verition,greenhouse,verition,404
Verition,ashby,verition,404
Verition,lever,verition,404
Verition,smartrecruiters,verition,200
Marshall Wace,greenhouse,marshallwace,200
Marshall Wace,ashby,marshallwace,404
Marshall Wace,lever,marshallwace,404
Marshall Wace,smartrecruiters,marshallwace,200
Man Group,greenhouse,mangroup,200
Man Group,ashby,mangroup,404
Man Group,lever,mangroup,404
Man Group,smartrecruiters,mangroup,200
Stripe,greenhouse,stripe,200
Stripe,ashby,stripe,404
Stripe,lever,stripe,404
Stripe,smartrecruiters,stripe,200
Coinbase,greenhouse,coinbase,200
Coinbase,ashby,coinbase,404
Coinbase,lever,coinbase,404
Coinbase,smartrecruiters,coinbase,200
Robinhood,greenhouse,robinhood,200
Robinhood,ashby,robinhood,404
Robinhood,lever,robinhood,404
Robinhood,smartrecruiters,robinhood,200
Plaid,greenhouse,plaid,404
Plaid,ashby,plaid,200
Plaid,lever,plaid,200
Plaid,smartrecruiters,plaid,200
Brex,greenhouse,brex,200
Brex,ashby,brex,404
Brex,lever,brex,404
Brex,smartrecruiters,brex,200
Chime,greenhouse,chimecard,404
Chime,ashby,chimecard,404
Ramp,greenhouse,ramp,404
Chime,lever,chimecard,404
Ramp,ashby,ramp,200
Chime,smartrecruiters,chimecard,200
Ramp,lever,ramp,404
Ramp,smartrecruiters,ramp,200
Chime,greenhouse,chime,200
Chime,ashby,chime,404
Chime,lever,chime,404
Chime,smartrecruiters,chime,200
Affirm,greenhouse,affirm,200
Affirm,ashby,affirm,404
Affirm,lever,affirm,404
Affirm,smartrecruiters,affirm,200
SoFi,greenhouse,sofi,200
SoFi,ashby,sofi,404
SoFi,lever,sofi,404
SoFi,smartrecruiters,sofi,200
Carta,greenhouse,carta,200
Carta,ashby,carta,404
Carta,lever,carta,404
Carta,smartrecruiters,carta,200
Navan,greenhouse,navan,404
Navan,ashby,navan,404
Navan,lever,navan,404
Navan,smartrecruiters,navan,200
Mercury,greenhouse,mercury,200
Mercury,ashby,mercury,200
Mercury,lever,mercury,404
Mercury,smartrecruiters,mercury,200
Kraken,greenhouse,krakenfx,404
Kraken,ashby,krakenfx,404
Kraken,lever,krakenfx,404
Kraken,smartrecruiters,krakenfx,200
Kraken,greenhouse,kraken,404
Kraken,ashby,kraken,200
Kraken,lever,kraken,200
Kraken,smartrecruiters,kraken,200
Gemini,greenhouse,gemini,200
Gemini,ashby,gemini,404
Gemini,lever,gemini,404
Gemini,smartrecruiters,gemini,200
Circle,greenhouse,circle,404
Circle,ashby,circle,404
Circle,lever,circle,404
Circle,smartrecruiters,circle,200
Ripple,greenhouse,ripple,200
Ripple,ashby,ripple,404
Ripple,lever,ripple,404
Ripple,smartrecruiters,ripple,200
Fireblocks,greenhouse,fireblocks,200
Fireblocks,ashby,fireblocks,404
Fireblocks,lever,fireblocks,404
Fireblocks,smartrecruiters,fireblocks,200
Navan,greenhouse,tripactions,200
Navan,ashby,tripactions,200
Navan,lever,tripactions,404
Navan,smartrecruiters,tripactions,200
Alchemy,greenhouse,alchemy,404
Alchemy,ashby,alchemy,200
Alchemy,lever,alchemy,404
Alchemy,smartrecruiters,alchemy,200
Uniswap Labs,greenhouse,uniswap,404
Uniswap Labs,ashby,uniswap,200
Uniswap Labs,lever,uniswap,404
Uniswap Labs,smartrecruiters,uniswap,200
Paradigm,greenhouse,paradigm,200
Uniswap Labs,greenhouse,uniswaplabs,404
Uniswap Labs,ashby,uniswaplabs,404
Uniswap Labs,lever,uniswaplabs,404
Paradigm,ashby,paradigm,200
Uniswap Labs,smartrecruiters,uniswaplabs,200
Paradigm,lever,paradigm,404
Paradigm,smartrecruiters,paradigm,200
Paradigm,greenhouse,paradigmxyz,404
Paradigm,ashby,paradigmxyz,404
Paradigm,lever,paradigmxyz,404
Paradigm,smartrecruiters,paradigmxyz,200
Anchorage Digital,greenhouse,anchoragedigital,404
Anchorage Digital,ashby,anchoragedigital,404
Anchorage Digital,lever,anchoragedigital,404
Anchorage Digital,smartrecruiters,anchoragedigital,200
Anchorage Digital,greenhouse,anchorage,404
Anchorage Digital,ashby,anchorage,404
Anchorage Digital,lever,anchorage,200
Anchorage Digital,smartrecruiters,anchorage,200
Chainalysis,greenhouse,chainalysis,404
Chainalysis,ashby,chainalysis,404
Chainalysis,lever,chainalysis,404
Chainalysis,smartrecruiters,chainalysis,200
Betterment,greenhouse,betterment,200
Betterment,ashby,betterment,404
Betterment,lever,betterment,404
Betterment,smartrecruiters,betterment,200
Addepar,greenhouse,addepar,404
Addepar,ashby,addepar,404
Addepar,lever,addepar,404
Addepar,smartrecruiters,addepar,200
Wealthfront,greenhouse,wealthfront,404
Modern Treasury,greenhouse,moderntreasury,404
Wealthfront,ashby,wealthfront,404
Modern Treasury,ashby,moderntreasury,200
Wealthfront,lever,wealthfront,200
Modern Treasury,lever,moderntreasury,404
Wealthfront,smartrecruiters,wealthfront,200
Modern Treasury,smartrecruiters,moderntreasury,200
Marqeta,greenhouse,marqeta,200
Marqeta,ashby,marqeta,200
Marqeta,lever,marqeta,404
Marqeta,smartrecruiters,marqeta,200
Lithic,greenhouse,lithic,200
Lithic,ashby,lithic,404
Lithic,lever,lithic,404
Lithic,smartrecruiters,lithic,200
Modern Treasury,greenhouse,modern-treasury,404
Modern Treasury,ashby,modern-treasury,404
Modern Treasury,lever,modern-treasury,404
Modern Treasury,smartrecruiters,modern-treasury,200
Unit,greenhouse,unit,404
Unit,ashby,unit,200
Unit,lever,unit,404
Unit,smartrecruiters,unit,200
Klarna,greenhouse,klarna,404
Klarna,ashby,klarna,404
Klarna,lever,klarna,404
Klarna,smartrecruiters,klarna,200
Adyen,greenhouse,adyen,200
Adyen,ashby,adyen,404
Adyen,lever,adyen,404
Adyen,smartrecruiters,adyen,200
Bilt,greenhouse,bilt,404
Bilt,ashby,bilt,404
Bilt,lever,bilt,404
Bilt,smartrecruiters,bilt,200
Bilt,greenhouse,biltrewards,404
Bilt,ashby,biltrewards,404
Bilt,lever,biltrewards,404
Bilt,smartrecruiters,biltrewards,200
Uber,greenhouse,uber,404
Uber,ashby,uber,404
Uber,lever,uber,404
Uber,smartrecruiters,uber,200
Lyft,greenhouse,lyft,200
Lyft,ashby,lyft,404
Lyft,lever,lyft,404
Lyft,smartrecruiters,lyft,200
Airbnb,greenhouse,airbnb,200
Airbnb,ashby,airbnb,404
Airbnb,lever,airbnb,404
Airbnb,smartrecruiters,airbnb,200
DoorDash,greenhouse,doordash,404
DoorDash,ashby,doordash,404
DoorDash,lever,doordash,404
DoorDash,smartrecruiters,doordash,200
DoorDash,greenhouse,doordashusa,200
DoorDash,ashby,doordashusa,404
DoorDash,lever,doordashusa,404
DoorDash,smartrecruiters,doordashusa,200
Nubank,greenhouse,nubank,200
Nubank,ashby,nubank,200
Nubank,lever,nubank,404
Nubank,smartrecruiters,nubank,200
Instacart,greenhouse,instacart,200
Instacart,ashby,instacart,404
Instacart,lever,instacart,404
Instacart,smartrecruiters,instacart,200
Pinterest,greenhouse,pinterest,200
Pinterest,ashby,pinterest,404
Pinterest,lever,pinterest,404
Pinterest,smartrecruiters,pinterest,200
Pinterest,greenhouse,pinterestjobadvertisements,200
Pinterest,ashby,pinterestjobadvertisements,404
Pinterest,lever,pinterestjobadvertisements,404
Pinterest,smartrecruiters,pinterestjobadvertisements,200
Reddit,greenhouse,reddit,200
Reddit,ashby,reddit,200
Reddit,lever,reddit,404
Reddit,smartrecruiters,reddit,200
Snap,greenhouse,snap,404
Snap,ashby,snap,404
Snap,lever,snap,404
Snap,smartrecruiters,snap,200
Snap,greenhouse,snapchat,404
Snap,ashby,snapchat,404
Snap,lever,snapchat,404
Snap,smartrecruiters,snapchat,200
Discord,greenhouse,discord,200
Discord,ashby,discord,404
Discord,lever,discord,404
Discord,smartrecruiters,discord,200
Twitch,greenhouse,twitch,200
Twitch,ashby,twitch,404
Twitch,lever,twitch,404
Twitch,smartrecruiters,twitch,200
Box,greenhouse,box,404
Box,ashby,box,404
Box,lever,box,404
Box,smartrecruiters,box,200
Dropbox,greenhouse,dropbox,200
Dropbox,ashby,dropbox,404
Dropbox,lever,dropbox,404
Dropbox,smartrecruiters,dropbox,200
Figma,greenhouse,figma,200
Figma,ashby,figma,404
Figma,lever,figma,404
Figma,smartrecruiters,figma,200
Atlassian,greenhouse,atlassian,404
Atlassian,ashby,atlassian,404
Atlassian,lever,atlassian,200
Atlassian,smartrecruiters,atlassian,200
GitHub,greenhouse,github,404
GitHub,ashby,github,404
GitHub,lever,github,404
GitHub,smartrecruiters,github,200
Canva,greenhouse,canva,404
Canva,ashby,canva,404
Canva,lever,canva,404
Canva,smartrecruiters,canva,200
GitLab,greenhouse,gitlab,200
GitLab,ashby,gitlab,404
GitLab,lever,gitlab,404
GitLab,smartrecruiters,gitlab,200
Twilio,greenhouse,twilio,200
Twilio,ashby,twilio,404
Twilio,lever,twilio,404
Twilio,smartrecruiters,twilio,200
Datadog,greenhouse,datadoghq,404
Datadog,ashby,datadoghq,404
Datadog,lever,datadoghq,404
Datadog,smartrecruiters,datadoghq,200
MongoDB,greenhouse,mongodb,200
MongoDB,ashby,mongodb,404
MongoDB,lever,mongodb,404
MongoDB,smartrecruiters,mongodb,200
Datadog,greenhouse,datadog,200
Datadog,ashby,datadog,404
Datadog,lever,datadog,404
Datadog,smartrecruiters,datadog,200
Elastic,greenhouse,elastic,200
Elastic,ashby,elastic,404
Elastic,lever,elastic,404
Elastic,smartrecruiters,elastic,200
HashiCorp,greenhouse,hashicorp,404
HashiCorp,ashby,hashicorp,404
HashiCorp,lever,hashicorp,404
HashiCorp,smartrecruiters,hashicorp,200
Cloudflare,greenhouse,cloudflare,200
Cloudflare,ashby,cloudflare,404
Cloudflare,lever,cloudflare,404
Cloudflare,smartrecruiters,cloudflare,200
Netlify,greenhouse,netlify,200
Netlify,ashby,netlify,404
Netlify,lever,netlify,404
Netlify,smartrecruiters,netlify,200
Vercel,greenhouse,vercel,200
Vercel,ashby,vercel,200
Vercel,lever,vercel,404
Vercel,smartrecruiters,vercel,200
Fastly,greenhouse,fastly,200
Fastly,ashby,fastly,404
Fastly,lever,fastly,404
Fastly,smartrecruiters,fastly,200
Auth0,greenhouse,auth0,404
Auth0,ashby,auth0,404
Auth0,lever,auth0,404
Auth0,smartrecruiters,auth0,200
Okta,greenhouse,okta,200
Okta,ashby,okta,404
Okta,lever,okta,404
Okta,smartrecruiters,okta,200
Zscaler,greenhouse,zscaler,200
Zscaler,ashby,zscaler,404
Zscaler,lever,zscaler,404
Zscaler,smartrecruiters,zscaler,200
CrowdStrike,greenhouse,crowdstrike,404
CrowdStrike,ashby,crowdstrike,404
CrowdStrike,lever,crowdstrike,404
CrowdStrike,smartrecruiters,crowdstrike,200
SentinelOne,greenhouse,sentinelone,404
SentinelOne,ashby,sentinelone,404
SentinelOne,lever,sentinelone,404
SentinelOne,smartrecruiters,sentinelone,200
Palo Alto Networks,greenhouse,paloaltonetworks,404
Palo Alto Networks,ashby,paloaltonetworks,404
Palo Alto Networks,lever,paloaltonetworks,404
Palo Alto Networks,smartrecruiters,paloaltonetworks,200
Palo Alto Networks,greenhouse,PaloAltoNetworks,404
Palo Alto Networks,ashby,PaloAltoNetworks,404
Palo Alto Networks,lever,PaloAltoNetworks,404
Palo Alto Networks,smartrecruiters,PaloAltoNetworks,200
Snyk,greenhouse,snyk,404
Snyk,ashby,snyk,200
Snyk,lever,snyk,404
Snyk,smartrecruiters,snyk,200
SentinelOne,greenhouse,sentinellabs,200
SentinelOne,ashby,sentinellabs,404
SentinelOne,lever,sentinellabs,404
SentinelOne,smartrecruiters,sentinellabs,200
Wiz,greenhouse,wiz,404
Wiz,ashby,wiz,200
Wiz,lever,wiz,404
Wiz,smartrecruiters,wiz,200
Cohesity,greenhouse,cohesity,404
Cohesity,ashby,cohesity,404
Cohesity,lever,cohesity,404
Cohesity,smartrecruiters,cohesity,200
Rubrik,greenhouse,rubrik,200
Rubrik,ashby,rubrik,404
Rubrik,lever,rubrik,404
Rubrik,smartrecruiters,rubrik,200
Nutanix,greenhouse,nutanix,404
Nutanix,ashby,nutanix,404
Nutanix,lever,nutanix,404
Nutanix,smartrecruiters,nutanix,200
Samsara,greenhouse,samsara,200
Samsara,ashby,samsara,404
Samsara,lever,samsara,404
Samsara,smartrecruiters,samsara,200
Rippling,greenhouse,rippling,404
Rippling,ashby,rippling,404
Rippling,lever,rippling,404
Rippling,smartrecruiters,rippling,200
Gusto,greenhouse,gusto,200
Gusto,ashby,gusto,404
Gusto,lever,gusto,404
Gusto,smartrecruiters,gusto,200
Pure Storage,greenhouse,purestorage,200
Pure Storage,ashby,purestorage,200
Pure Storage,lever,purestorage,404
Pure Storage,smartrecruiters,purestorage,200
Verkada,greenhouse,verkada,200
Verkada,ashby,verkada,200
Verkada,lever,verkada,404
Verkada,smartrecruiters,verkada,200
Asana,greenhouse,asana,200
Asana,ashby,asana,404
Asana,lever,asana,404
Asana,smartrecruiters,asana,200
Airtable,greenhouse,airtable,200
Airtable,ashby,airtable,200
Airtable,lever,airtable,404
Airtable,smartrecruiters,airtable,200
Miro,greenhouse,miro,404
Miro,ashby,miro,200
Miro,lever,miro,404
Miro,smartrecruiters,miro,200
Miro,greenhouse,realtimeboard,404
Miro,ashby,realtimeboard,404
Miro,lever,realtimeboard,404
Miro,smartrecruiters,realtimeboard,200
Grammarly,greenhouse,grammarly,404
Grammarly,ashby,grammarly,404
Grammarly,lever,grammarly,404
Grammarly,smartrecruiters,grammarly,200
Wix,greenhouse,wix,404
Wix,ashby,wix,404
Wix,lever,wix,404
Wix,smartrecruiters,wix,200
Duolingo,greenhouse,duolingo,200
Duolingo,ashby,duolingo,404
Duolingo,lever,duolingo,404
Duolingo,smartrecruiters,duolingo,200
Squarespace,greenhouse,squarespace,200
Squarespace,ashby,squarespace,404
Squarespace,lever,squarespace,404
Squarespace,smartrecruiters,squarespace,200
Shopify,greenhouse,shopify,404
Shopify,ashby,shopify,404
Shopify,lever,shopify,404
Shopify,smartrecruiters,shopify,200
Toast,greenhouse,toast,200
Toast,ashby,toast,404
Toast,lever,toast,404
Toast,smartrecruiters,toast,200
Toast,greenhouse,toasttab,404
Toast,ashby,toasttab,404
Toast,lever,toasttab,404
Toast,smartrecruiters,toasttab,200
Block,greenhouse,block,200
Block,ashby,block,404
Block,lever,block,404
Block,smartrecruiters,block,200
Block,greenhouse,square,404
Block,ashby,square,404
Block,lever,square,404
Block,smartrecruiters,square,200
ServiceNow,greenhouse,servicenow,404
ServiceNow,ashby,servicenow,404
ServiceNow,lever,servicenow,404
ServiceNow,smartrecruiters,servicenow,200
ServiceNow,greenhouse,ServiceNow,404
ServiceNow,ashby,ServiceNow,404
ServiceNow,lever,ServiceNow,404
ServiceNow,smartrecruiters,ServiceNow,200
Visa,greenhouse,visa,404
Visa,ashby,visa,404
Visa,lever,visa,404
Visa,smartrecruiters,visa,200
Visa,greenhouse,Visa,404
Visa,ashby,Visa,404
Visa,lever,Visa,404
Visa,smartrecruiters,Visa,200
Salesforce,greenhouse,salesforce,404
Salesforce,ashby,salesforce,404
Salesforce,lever,salesforce,404
Salesforce,smartrecruiters,salesforce,200
Adobe,greenhouse,adobe,404
Adobe,ashby,adobe,404
Adobe,lever,adobe,404
Adobe,smartrecruiters,adobe,200
Intuit,greenhouse,intuit,404
Intuit,ashby,intuit,404
Intuit,lever,intuit,404
Intuit,smartrecruiters,intuit,200
Workday,greenhouse,workday,404
Workday,ashby,workday,404
Workday,lever,workday,404
Workday,smartrecruiters,workday,200
Splunk,greenhouse,splunk,404
Splunk,ashby,splunk,404
Splunk,lever,splunk,404
Splunk,smartrecruiters,splunk,200
Benchling,greenhouse,benchling,404
Benchling,ashby,benchling,200
Benchling,lever,benchling,404
Benchling,smartrecruiters,benchling,200
Palantir,greenhouse,palantir,404
Palantir,ashby,palantir,404
Palantir,lever,palantir,200
Palantir,smartrecruiters,palantir,200
Retool,greenhouse,retool,404
Retool,ashby,retool,404
Retool,lever,retool,404
Retool,smartrecruiters,retool,200
Deel,greenhouse,deel,404
Deel,ashby,deel,200
Deel,lever,deel,404
Deel,smartrecruiters,deel,200
Linear,greenhouse,linear,404
Linear,ashby,linear,200
Linear,lever,linear,404
Linear,smartrecruiters,linear,200
Supabase,greenhouse,supabase,404
Supabase,ashby,supabase,200
Supabase,lever,supabase,404
Supabase,smartrecruiters,supabase,200
Replit,greenhouse,replit,404
Replit,ashby,replit,200
Replit,lever,replit,404
Replit,smartrecruiters,replit,200
PostHog,greenhouse,posthog,404
PostHog,ashby,posthog,200
PostHog,lever,posthog,404
PostHog,smartrecruiters,posthog,200
Temporal,greenhouse,temporal,404
Temporal,ashby,temporal,200
Temporal,lever,temporal,404
Temporal,smartrecruiters,temporal,200
Temporal,greenhouse,temporaltechnologies,200
Temporal,ashby,temporaltechnologies,404
Temporal,lever,temporaltechnologies,404
Temporal,smartrecruiters,temporaltechnologies,200
Tailscale,greenhouse,tailscale,200
Tailscale,ashby,tailscale,404
Tailscale,lever,tailscale,404
Tailscale,smartrecruiters,tailscale,200
Zip,greenhouse,ziphq,404
Zip,ashby,ziphq,404
Zip,lever,ziphq,404
Zip,smartrecruiters,ziphq,200
Whatnot,greenhouse,whatnot,404
Whatnot,ashby,whatnot,404
Whatnot,lever,whatnot,404
Whatnot,smartrecruiters,whatnot,200
Flexport,greenhouse,flexport,200
Flexport,ashby,flexport,404
Flexport,lever,flexport,404
Flexport,smartrecruiters,flexport,200
Faire,greenhouse,faire,200
Faire,ashby,faire,404
Faire,lever,faire,404
Faire,smartrecruiters,faire,200
Attentive,greenhouse,attentive,200
Attentive,ashby,attentive,404
Attentive,lever,attentive,404
Attentive,smartrecruiters,attentive,200
Attentive,greenhouse,attentivemobile,404
Attentive,ashby,attentivemobile,200
Attentive,lever,attentivemobile,404
Attentive,smartrecruiters,attentivemobile,200
Roblox,greenhouse,roblox,200
Roblox,ashby,roblox,404
Roblox,lever,roblox,404
Roblox,smartrecruiters,roblox,200
Zip,greenhouse,zip,404
Zip,ashby,zip,200
Zip,lever,zip,404
Zip,smartrecruiters,zip,200
Unity,greenhouse,unity,404
Unity,ashby,unity,404
Unity,lever,unity,404
Unity,smartrecruiters,unity,200
Unity,greenhouse,unity3d,404
Unity,ashby,unity3d,404
Unity,lever,unity3d,404
Unity,smartrecruiters,unity3d,200
Epic Games,greenhouse,epic-games,404
Epic Games,ashby,epic-games,404
Epic Games,lever,epic-games,404
Epic Games,smartrecruiters,epic-games,200
Epic Games,greenhouse,epicgames,200
Epic Games,ashby,epicgames,404
Epic Games,lever,epicgames,404
Epic Games,smartrecruiters,epicgames,200
Electronic Arts,greenhouse,ea,404
Electronic Arts,ashby,ea,404
Electronic Arts,lever,ea,404
Electronic Arts,smartrecruiters,ea,200
Electronic Arts,greenhouse,electronicarts,404
Electronic Arts,ashby,electronicarts,404
Electronic Arts,lever,electronicarts,404
Electronic Arts,smartrecruiters,electronicarts,200
Riot Games,greenhouse,riotgames,200
Riot Games,ashby,riotgames,404
Riot Games,lever,riotgames,404
Riot Games,smartrecruiters,riotgames,200
Take-Two,greenhouse,take2games,404
Take-Two,ashby,take2games,404
Take-Two,lever,take2games,404
Take-Two,smartrecruiters,take2games,200
Take-Two,greenhouse,taketwo,200
Take-Two,ashby,taketwo,404
Take-Two,lever,taketwo,404
Take-Two,smartrecruiters,taketwo,200
Rockstar Games,greenhouse,rockstargames,200
Rockstar Games,ashby,rockstargames,404
Rockstar Games,lever,rockstargames,404
Rockstar Games,smartrecruiters,rockstargames,200
Zynga,greenhouse,zynga,404
Zynga,ashby,zynga,404
Zynga,lever,zynga,404
Zynga,smartrecruiters,zynga,200
Riot Games,greenhouse,riot-games,404
Riot Games,ashby,riot-games,404
Riot Games,lever,riot-games,404
Riot Games,smartrecruiters,riot-games,200
Spotify,greenhouse,spotify,404
Spotify,ashby,spotify,404
Spotify,lever,spotify,200
Spotify,smartrecruiters,spotify,200
Niantic,greenhouse,niantic,404
Niantic,ashby,niantic,200
Niantic,lever,niantic,404
Niantic,smartrecruiters,niantic,200
Sonos,greenhouse,sonos,404
Sonos,ashby,sonos,404
Sonos,lever,sonos,404
Sonos,smartrecruiters,sonos,200
Roku,greenhouse,roku,200
Vimeo,greenhouse,vimeo,404
Roku,ashby,roku,404
Vimeo,ashby,vimeo,404
Roku,lever,roku,404
Vimeo,lever,vimeo,404
Roku,smartrecruiters,roku,200
Vimeo,smartrecruiters,vimeo,200
The New York Times,greenhouse,nytimes,404
The New York Times,ashby,nytimes,404
The New York Times,lever,nytimes,404
The New York Times,smartrecruiters,nytimes,200
The New York Times,greenhouse,thenewyorktimes,200
The New York Times,ashby,thenewyorktimes,404
The New York Times,lever,thenewyorktimes,404
The New York Times,smartrecruiters,thenewyorktimes,200
Dow Jones,greenhouse,dowjones,404
Dow Jones,ashby,dowjones,404
Dow Jones,lever,dowjones,404
Dow Jones,smartrecruiters,dowjones,200
Axios,greenhouse,axios,200
Axios,ashby,axios,404
Axios,lever,axios,404
Axios,smartrecruiters,axios,200
Vox Media,greenhouse,voxmedia,200
Vox Media,ashby,voxmedia,404
Vox Media,lever,voxmedia,404
Vox Media,smartrecruiters,voxmedia,200
SpaceX,greenhouse,spacex,200
SpaceX,ashby,spacex,404
SpaceX,lever,spacex,404
SpaceX,smartrecruiters,spacex,200
Blue Origin,greenhouse,blueorigin,404
Blue Origin,ashby,blueorigin,404
Blue Origin,lever,blueorigin,200
Blue Origin,smartrecruiters,blueorigin,200
Rocket Lab,greenhouse,rocketlabusa,404
Rocket Lab,greenhouse,rocketlab,200
Rocket Lab,ashby,rocketlabusa,404
Rocket Lab,ashby,rocketlab,404
Rocket Lab,lever,rocketlabusa,404
Rocket Lab,lever,rocketlab,404
Rocket Lab,smartrecruiters,rocketlabusa,200
Rocket Lab,smartrecruiters,rocketlab,200
Relativity Space,greenhouse,relativityspace,404
Relativity Space,ashby,relativityspace,404
Relativity Space,lever,relativityspace,404
Relativity Space,smartrecruiters,relativityspace,200
Relativity Space,greenhouse,relativity,200
Relativity Space,ashby,relativity,404
Relativity Space,lever,relativity,404
Relativity Space,smartrecruiters,relativity,200
Firefly Aerospace,greenhouse,firefly,404
Firefly Aerospace,ashby,firefly,404
Firefly Aerospace,lever,firefly,404
Firefly Aerospace,smartrecruiters,firefly,200
Firefly Aerospace,greenhouse,fireflyaerospace,404
Firefly Aerospace,ashby,fireflyaerospace,404
Firefly Aerospace,lever,fireflyaerospace,404
Firefly Aerospace,smartrecruiters,fireflyaerospace,200
Stoke Space,greenhouse,stokespace,404
Stoke Space,ashby,stokespace,404
Stoke Space,lever,stokespace,404
Stoke Space,smartrecruiters,stokespace,200
Stoke Space,greenhouse,stoke-space,404
Stoke Space,ashby,stoke-space,404
Stoke Space,lever,stoke-space,404
Stoke Space,smartrecruiters,stoke-space,200
Varda,greenhouse,varda,404
Varda,ashby,varda,404
Varda,lever,varda,404
Varda,smartrecruiters,varda,200
Astranis,greenhouse,astranis,200
Astranis,ashby,astranis,404
Astranis,lever,astranis,404
Astranis,smartrecruiters,astranis,200
Varda,greenhouse,vardaspace,200
Varda,ashby,vardaspace,404
Varda,lever,vardaspace,404
Varda,smartrecruiters,vardaspace,200
Axiom Space,greenhouse,axiomspace,404
Axiom Space,ashby,axiomspace,404
Axiom Space,lever,axiomspace,404
Axiom Space,smartrecruiters,axiomspace,200
Anduril,greenhouse,anduril,404
Anduril,ashby,anduril,404
Anduril,lever,anduril,404
Anduril,smartrecruiters,anduril,200
Shield AI,greenhouse,shieldai,404
Shield AI,ashby,shieldai,404
Shield AI,lever,shieldai,200
Shield AI,smartrecruiters,shieldai,200
Anduril,greenhouse,andurilindustries,200
Anduril,ashby,andurilindustries,404
Anduril,lever,andurilindustries,404
Anduril,smartrecruiters,andurilindustries,200
Shield AI,greenhouse,shield-ai,404
Shield AI,ashby,shield-ai,200
Shield AI,lever,shield-ai,404
Shield AI,smartrecruiters,shield-ai,200
Skydio,greenhouse,skydio,404
Skydio,ashby,skydio,200
Skydio,lever,skydio,404
Skydio,smartrecruiters,skydio,200
Saronic,greenhouse,saronic,404
Saronic,ashby,saronic,200
Saronic,lever,saronic,200
Saronic,smartrecruiters,saronic,200
Saronic,greenhouse,saronictechnologies,404
Saronic,ashby,saronictechnologies,404
Saronic,lever,saronictechnologies,404
Saronic,smartrecruiters,saronictechnologies,200
Castelion,greenhouse,castelion,404
Castelion,ashby,castelion,404
Castelion,lever,castelion,404
Castelion,smartrecruiters,castelion,200
Hadrian,greenhouse,hadrian,404
Hadrian,ashby,hadrian,404
Hadrian,lever,hadrian,404
Hadrian,smartrecruiters,hadrian,200
Hermeus,greenhouse,hermeus,404
Hermeus,ashby,hermeus,404
Hermeus,lever,hermeus,200
Hermeus,smartrecruiters,hermeus,200
Boom Supersonic,greenhouse,boom,404
Boom Supersonic,ashby,boom,200
Boom Supersonic,lever,boom,404
Boom Supersonic,smartrecruiters,boom,200
Boom Supersonic,greenhouse,boomsupersonic,404
Boom Supersonic,ashby,boomsupersonic,404
Boom Supersonic,lever,boomsupersonic,404
Boom Supersonic,smartrecruiters,boomsupersonic,200
Zipline,greenhouse,flyzipline,200
Zipline,ashby,flyzipline,404
Zipline,lever,flyzipline,404
Zipline,smartrecruiters,flyzipline,200
Zipline,greenhouse,zipline,404
Zipline,ashby,zipline,404
Zipline,lever,zipline,404
Zipline,smartrecruiters,zipline,200
Epirus,greenhouse,epirus,200
Epirus,ashby,epirus,404
Sierra Space,greenhouse,sierraspace,404
Epirus,lever,epirus,404
Sierra Space,ashby,sierraspace,404
Epirus,smartrecruiters,epirus,200
Sierra Space,lever,sierraspace,404
Sierra Space,smartrecruiters,sierraspace,200
Waymo,greenhouse,waymo,200
Waymo,ashby,waymo,404
Waymo,lever,waymo,404
Waymo,smartrecruiters,waymo,200
Zoox,greenhouse,zoox,404
Zoox,ashby,zoox,404
Zoox,lever,zoox,200
Zoox,smartrecruiters,zoox,200
Nuro,greenhouse,nuro,200
Nuro,ashby,nuro,404
Nuro,lever,nuro,404
Nuro,smartrecruiters,nuro,200
Aurora,greenhouse,aurora,404
Aurora,ashby,aurora,404
Aurora,lever,aurora,404
Aurora,smartrecruiters,aurora,200
Applied Intuition,greenhouse,appliedintuition,404
Applied Intuition,ashby,appliedintuition,404
Applied Intuition,lever,appliedintuition,404
Applied Intuition,smartrecruiters,appliedintuition,200
Aurora,greenhouse,aurorainnovation,200
Aurora,ashby,aurorainnovation,404
Aurora,lever,aurorainnovation,404
Aurora,smartrecruiters,aurorainnovation,200
Kodiak Robotics,greenhouse,kodiak,200
Kodiak Robotics,ashby,kodiak,404
Kodiak Robotics,lever,kodiak,404
Kodiak Robotics,smartrecruiters,kodiak,200
Applied Intuition,greenhouse,applied-intuition,404
Applied Intuition,ashby,applied-intuition,404
Applied Intuition,lever,applied-intuition,404
Applied Intuition,smartrecruiters,applied-intuition,200
Kodiak Robotics,greenhouse,kodiakrobotics,404
Kodiak Robotics,ashby,kodiakrobotics,404
Kodiak Robotics,lever,kodiakrobotics,404
Kodiak Robotics,smartrecruiters,kodiakrobotics,200
Luminar,greenhouse,luminar,404
Luminar,ashby,luminar,404
Luminar,lever,luminar,404
Luminar,smartrecruiters,luminar,200
Luminar,greenhouse,luminartech,404
Luminar,ashby,luminartech,404
Luminar,lever,luminartech,404
Luminar,smartrecruiters,luminartech,200
Neuralink,greenhouse,neuralink,200
Neuralink,ashby,neuralink,404
Neuralink,lever,neuralink,404
Neuralink,smartrecruiters,neuralink,200
Boston Dynamics,greenhouse,bostondynamics,404
Boston Dynamics,ashby,bostondynamics,404
Boston Dynamics,lever,bostondynamics,404
Boston Dynamics,smartrecruiters,bostondynamics,200
Tempus,greenhouse,tempus,404
Tempus,ashby,tempus,404
Tempus,lever,tempus,404
Tempus,smartrecruiters,tempus,200
Tempus,greenhouse,tempuslabs,404
Tempus,ashby,tempuslabs,404
Tempus,lever,tempuslabs,404
Tempus,smartrecruiters,tempuslabs,200
Color,greenhouse,color,404
Color,ashby,color,404
Color,lever,color,200
Color,smartrecruiters,color,200
Color,greenhouse,colorgenomics,404
Color,ashby,colorgenomics,404
Color,lever,colorgenomics,404
Color,smartrecruiters,colorgenomics,200
Oscar Health,greenhouse,oscarhealth,404
Oscar Health,ashby,oscarhealth,404
Oscar Health,lever,oscarhealth,404
Oscar Health,smartrecruiters,oscarhealth,200
Oscar Health,greenhouse,oscar,200
Oscar Health,ashby,oscar,404
Oscar Health,lever,oscar,404
Oscar Health,smartrecruiters,oscar,200
Oscar Health,greenhouse,hioscar,404
Oscar Health,ashby,hioscar,404
Oscar Health,lever,hioscar,404
Oscar Health,smartrecruiters,hioscar,200
Ro,greenhouse,ro,404
Ro,ashby,ro,404
Ro,lever,ro,200
Ro,smartrecruiters,ro,200
Cedar,greenhouse,cedar,404
Cedar,ashby,cedar,200
Cedar,lever,cedar,404
Cedar,smartrecruiters,cedar,200
Komodo Health,greenhouse,komodohealth,200
Komodo Health,ashby,komodohealth,404
Komodo Health,lever,komodohealth,404
Komodo Health,smartrecruiters,komodohealth,200
Viz.ai,greenhouse,vizai,404
Viz.ai,ashby,vizai,404
Viz.ai,lever,vizai,404
Viz.ai,smartrecruiters,vizai,200
Viz.ai,greenhouse,viz,404
Viz.ai,ashby,viz,404
Viz.ai,lever,viz,404
Viz.ai,smartrecruiters,viz,200
